season,constructor,champion_prob
2025,Mclaren,0.99
2026,Ferrari,0.13249999999999998
2027,McLaren,0.3795000000000001
2028,Ferrari,0.006666666666666666
2029,Ferrari,0.3995000000000001
